{
  "F": {
    "TTT": 0.4819045464826962,
    "TTC": 0.5180954535173038
  },
  "L": {
    "TTA": 0.12909923339011925,
    "TTG": 0.3500319420783646,
    "CTT": 0.2830068143100511,
    "CTC": 0.18015332197614992,
    "CTA": 0.013255962521294719,
    "CTG": 0.044452725724020446
  },
  "S": {
    "TCT": 0.4450676575755451,
    "TCC": 0.20346350697609197,
    "TCA": 0.11582416041505994,
    "TCG": 0.039542873168337656,
    "AGT": 0.11147724882563276,
    "AGC": 0.08462455303933254
  },
  "Y": {
    "TAT": 0.500286944045911,
    "TAC": 0.49971305595408894
  },
  "C": {
    "TGT": 0.8137824235385211,
    "TGC": 0.1862175764614789
  },
  "W": {
    "TGG": 1.0
  },
  "P": {
    "CCT": 0.5886304909560723,
    "CCC": 0.29002583979328167,
    "CCA": 0.10077519379844961,
    "CCG": 0.020568475452196384
  },
  "H": {
    "CAT": 0.3893483962073835,
    "CAC": 0.6106516037926165
  },
  "Q": {
    "CAA": 0.8721573448063922,
    "CAG": 0.12784265519360788
  },
  "R": {
    "CGT": 0.6627790992096985,
    "CGC": 0.10342975523670682,
    "CGA": 0.04841556050026855,
    "CGG": 0.005677894575308831,
    "AGA": 0.16979973912376276,
    "AGG": 0.009897951354254584
  },
  "I": {
    "ATT": 0.5069225697751081,
    "ATC": 0.4655336605376895,
    "ATA": 0.027543769687202402
  },
  "M": {
    "ATG": 1.0
  },
  "T": {
    "ACT": 0.4128152065608952,
    "ACC": 0.328811220970338,
    "ACA": 0.18640300452211236,
    "ACG": 0.0719705679466544
  },
  "N": {
    "AAT": 0.35808213635444064,
    "AAC": 0.6419178636455594
  },
  "K": {
    "AAA": 0.2514043396849873,
    "AAG": 0.7485956603150127
  },
  "V": {
    "GTT": 0.4385782100266296,
    "GTC": 0.3533055459071437,
    "GTA": 0.08729883061248118,
    "GTG": 0.12081741345374551
  },
  "A": {
    "GCT": 0.5642269981182529,
    "GCC": 0.30419926710904227,
    "GCA": 0.10542735465979994,
    "GCG": 0.026146380112904825
  },
  "D": {
    "GAT": 0.6646921408309695,
    "GAC": 0.33530785916903055
  },
  "E": {
    "GAA": 0.8545527530608149,
    "GAG": 0.14544724693918512
  },
  "G": {
    "GGT": 0.7264768901132538,
    "GGC": 0.1305172941536578,
    "GGA": 0.1318028772574227,
    "GGG": 0.011202938475665749
  }
}